{
	"name": "custom-journal",
	"title": "Custom Journal",
	"description": "A custom take on the appearance of journal entries.",
	"version": "1.2.2",
	"author": "Sanyella",
	"scripts": [],
	"styles": [
		"styles/custom-journal.css",
		"styles/dark-mode.css",
		"styles/dark-slate-journal.css",
		"styles/handwritten-letter.css",
		"styles/royal-journal.css",
		"styles/sci-fi-one-journal.css",
		"styles/sci-fi-two-journal.css",
		"fonts/Anglo-text/stylesheet.css",
		"fonts/Lovers-Quarrel/stylesheet.css",
		"fonts/Montserrat-Regular/style.css",
		"fonts/Play-Regular/style.css"
	],
	"esmodules": [
		"scripts/custom-journal.js"
	],
	"languages": [
		{
			"lang": "en",
			"name": "English",
			"path": "lang/en.json"
		},
		{
			"lang": "fr",
			"name": "Français",
			"path": "lang/fr.json"
		},
		{
			"lang": "es",
			"name": "Spanish",
			"path": "lang/es.json"
		}
	],
	"packs": [],
	"url": "https://github.com/Freewolf2000/custom-journal",
	"manifest": "https://raw.githubusercontent.com/Freewolf2000/custom-journal/main/custom-journal/module.json",
	"download": "https://github.com/Freewolf2000/custom-journal/raw/main/custom-journal.zip",
	"compatibleCoreVersion": "0.7.9",
	"minimumCoreVersion": "0.6.6"
}
